<code_scheme name="php-style copy2" version="173">
  <option name="OTHER_INDENT_OPTIONS">
    <value>
      <option name="USE_TAB_CHARACTER" value="true" />
    </value>
  </option>
  <option name="LINE_SEPARATOR" value="&#10;" />
  <PHPCodeStyleSettings>
    <option name="COMMA_AFTER_LAST_ARRAY_ELEMENT" value="true" />
    <option name="LOWER_CASE_BOOLEAN_CONST" value="true" />
    <option name="LOWER_CASE_NULL_CONST" value="true" />
    <option name="FORCE_SHORT_DECLARATION_ARRAY_STYLE" value="true" />
  </PHPCodeStyleSettings>
  <SqlCodeStyleSettings version="6">
    <option name="TABLE_OPENING" value="1" />
    <option name="TABLE_CONTENT" value="0" />
    <option name="TABLE_CLOSING" value="3" />
  </SqlCodeStyleSettings>
  <codeStyleSettings language="CSS">
    <indentOptions>
      <option name="USE_TAB_CHARACTER" value="true" />
    </indentOptions>
  </codeStyleSettings>
  <codeStyleSettings language="HTML">
    <indentOptions>
      <option name="USE_TAB_CHARACTER" value="true" />
    </indentOptions>
  </codeStyleSettings>
  <codeStyleSettings language="JSON">
    <indentOptions>
      <option name="INDENT_SIZE" value="4" />
      <option name="USE_TAB_CHARACTER" value="true" />
    </indentOptions>
  </codeStyleSettings>
  <codeStyleSettings language="JavaScript">
    <indentOptions>
      <option name="USE_TAB_CHARACTER" value="true" />
    </indentOptions>
  </codeStyleSettings>
  <codeStyleSettings language="LESS">
    <indentOptions>
      <option name="USE_TAB_CHARACTER" value="true" />
    </indentOptions>
  </codeStyleSettings>
  <codeStyleSettings language="PHP">
    <option name="BLANK_LINES_AFTER_CLASS_HEADER" value="1" />
    <option name="CLASS_BRACE_STYLE" value="1" />
    <option name="METHOD_BRACE_STYLE" value="1" />
    <option name="ALIGN_MULTILINE_ARRAY_INITIALIZER_EXPRESSION" value="true" />
    <option name="ARRAY_INITIALIZER_LBRACE_ON_NEXT_LINE" value="true" />
    <option name="ARRAY_INITIALIZER_RBRACE_ON_NEXT_LINE" value="true" />
  </codeStyleSettings>
  <codeStyleSettings language="TypeScript">
    <indentOptions>
      <option name="USE_TAB_CHARACTER" value="true" />
    </indentOptions>
  </codeStyleSettings>
  <codeStyleSettings language="protobuf">
    <indentOptions>
      <option name="INDENT_SIZE" value="4" />
      <option name="TAB_SIZE" value="4" />
    </indentOptions>
  </codeStyleSettings>
  <codeStyleSettings language="prototext">
    <indentOptions>
      <option name="INDENT_SIZE" value="4" />
      <option name="TAB_SIZE" value="4" />
    </indentOptions>
  </codeStyleSettings>
</code_scheme>