<application>
  <component name="libraryTable">
    <library name="jQuery UI-1.10.2" type="javaScript">
      <properties>
        <option name="frameworkName" value="jQuery UI" />
      </properties>
      <CLASSES>
        <root url="file://$USER_HOME$/.WebIde70/system/extLibs/http_ajax.googleapis.com_ajax_libs_jqueryui_1.10.2_jquery-ui.js" />
      </CLASSES>
      <DOCUMENTATION>
        <root url="http://jqueryui.com/demos" />
      </DOCUMENTATION>
      <SOURCES />
    </library>
    <library name="jQuery-2.0.0" type="javaScript">
      <properties>
        <option name="frameworkName" value="jQuery" />
      </properties>
      <CLASSES>
        <root url="file://$USER_HOME$/.WebIde70/system/extLibs/http_code.jquery.com_jquery-2.0.0.js" />
      </CLASSES>
      <DOCUMENTATION>
        <root url="http://api.jquery.com" />
      </DOCUMENTATION>
      <SOURCES />
    </library>
    <library name="jquery-2.1.4" type="javaScript">
      <properties>
        <option name="frameworkName" value="jQuery" />
        <option name="frameworkVersion" value="1.4." />
        <sourceFilesUrls>
          <item url="file://$USER_HOME$/.WebIde80/system/extLibs/__code.jquery.com_jquery-2.1.4.js" />
        </sourceFilesUrls>
      </properties>
      <CLASSES>
        <root url="file://$USER_HOME$/.WebIde80/system/extLibs/__code.jquery.com_jquery-2.1.4.js" />
      </CLASSES>
      <DOCUMENTATION>
        <root url="http://api.jquery.com" />
      </DOCUMENTATION>
      <SOURCES />
    </library>
  </component>
</application>