<application>
  <component name="com.intellij.ide.ui.customization.CustomActionsSchema">
    <group value="SearchEverywhere" is_action="true" action_type="-1" position="13">
      <path value="root" />
      <path value="主工具栏" />
      <option name="myInitialPosition" value="-1" />
    </group>
    <group value="SearchEverywhere" is_action="true" action_type="1" position="14">
      <path value="root" />
      <path value="主工具栏" />
      <option name="myInitialPosition" value="-1" />
    </group>
  </component>
</application>