<application>
  <component name="CodeFoldingSettings">
    <option name="COLLAPSE_METHODS" value="true" />
  </component>
  <component name="DaemonCodeAnalyzerSettings" profile="Project Default" />
  <component name="JSCodeFoldingSettings">
    <option name="collapseArrayLiterals" value="true" />
    <option name="COLLAPSE_ARRAY_LITERALS" value="true" />
  </component>
  <component name="PhpCodeFoldingSettings">
    <option name="COLLAPSE_PHP_TAGS" value="true" />
    <option name="COLLAPSE_FUNCTION_BODY" value="true" />
    <option name="COLLAPSE_METHOD_BODY" value="true" />
  </component>
</application>