<application>
  <component name="CodeFoldingSettings">
    <option name="COLLAPSE_METHODS" value="true" />
  </component>
  <component name="DaemonCodeAnalyzerSettings" profile="Project Default" />
  <component name="EditorSettings">
    <option name="languageBreadcrumbsMap">
      <map>
        <entry key="PHP" value="true" />
      </map>
    </option>
    <option name="USE_SOFT_WRAPS" value="MAIN_EDITOR" />
    <option name="SHOW_BREADCRUMBS_ABOVE" value="true" />
    <option name="IS_ALL_SOFTWRAPS_SHOWN" value="true" />
  </component>
  <component name="JSCodeFoldingSettings">
    <option name="collapseArrayLiterals" value="true" />
    <option name="COLLAPSE_ARRAY_LITERALS" value="true" />
  </component>
  <component name="PhpCodeFoldingSettings">
    <option name="COLLAPSE_PHP_TAGS" value="true" />
    <option name="COLLAPSE_FUNCTION_BODY" value="true" />
    <option name="COLLAPSE_METHOD_BODY" value="true" />
  </component>
</application>