<application>
  <component name="FileTypeManager" version="17">
    <ignoreFiles list="*.hprof;*.pyc;*.pyo;*.rbc;*.yarb;*~;.DS_Store;.git;.hg;.idea;.svn;CVS;__pycache__;_svn;vssver.scc;vssver2.scc;" />
    <extensionMap>
      <mapping pattern="ver_latest" type="PLAIN_TEXT" />
      <mapping pattern="room_num" type="PLAIN_TEXT" />
      <mapping pattern="SS_DATA_EXCELachievement_group" type="PLAIN_TEXT" />
      <mapping ext="cf_2" type="PLAIN_TEXT" />
      <mapping ext="cf_1" type="PLAIN_TEXT" />
      <mapping ext="cf" type="PLAIN_TEXT" />
      <mapping ext="mmdb" type="PLAIN_TEXT" />
      <mapping ext="template" type="PLAIN_TEXT" />
      <mapping ext="tmpl" type="PLAIN_TEXT" />
    </extensionMap>
  </component>
</application>