<application>
  <component name="NotificationConfiguration">
    <notification groupId="Common Version Control Messages" displayType="TOOL_WINDOW" />
    <notification groupId="Database editor log" displayType="NONE" />
    <notification groupId="Database view" displayType="TOOL_WINDOW" />
    <notification groupId="Docker" shouldLog="false" />
    <notification groupId="Docker: Dockerfile detection" displayType="NONE" shouldLog="false" />
    <notification groupId="Git Important Messages" displayType="STICKY_BALLOON" />
    <notification groupId="Git Messages" displayType="TOOL_WINDOW" />
    <notification groupId="IDE and Plugin Updates" displayType="STICKY_BALLOON" shouldLog="false" />
    <notification groupId="IDE Fatal Errors" displayType="NONE" />
    <notification groupId="IDE Usage Statistics" displayType="STICKY_BALLOON" shouldLog="false" />
    <notification groupId="ideavim-sticky" displayType="STICKY_BALLOON" />
    <notification groupId="JavaScript Library Management" displayType="STICKY_BALLOON" />
    <notification groupId="Mercurial Important Messages" displayType="STICKY_BALLOON" />
    <notification groupId="Mercurial Messages" displayType="TOOL_WINDOW" />
    <notification groupId="PHP-CGI Server" displayType="STICKY_BALLOON" />
    <notification groupId="Plugins Lifecycle Group" displayType="STICKY_BALLOON" />
    <notification groupId="Svn Roots Detection Errors" displayType="STICKY_BALLOON" />
    <notification groupId="System" displayType="STICKY_BALLOON" shouldLog="false" />
    <notification groupId="Test Runner" displayType="NONE" />
    <notification groupId="Update Checker" displayType="STICKY_BALLOON" />
  </component>
</application>