<application>
  <component name="ParameterNameHintsSettings">
    <option id="js.only.show.names.for.tagged" value="false" />
    <option id="java.enums" value="false" />
    <option id="java.new.expr" value="false" />
    <option id="js.only.show.names.for.pipes" value="false" />
    <option id="js.param.hints.show.names.for.tagged" value="false" />
    <option id="angular.show.names.for.pipes" value="false" />
    <option id="php.pass.by.reference" value="false" />
    <option id="go.return.parameters" value="false" />
    <option id="go.struct.unnamed.struct.fields" value="false" />
    <disabledLanguages>
      <language id="JAVA" />
      <language id="TypeScript" />
      <language id="Angular2Html" />
      <language id="JavaScript" />
      <language id="kotlin" />
      <language id="go" />
      <language id="PHP" />
      <language id="Lua" />
      <language id="Groovy" />
      <language id="SQL" />
    </disabledLanguages>
  </component>
</application>