<application>
  <component name="UpdatesConfigurable">
    <option name="CHECK_NEEDED" value="false" />
    <ignoredBuildNumbers>
      <item value="221.5921.22" />
      <item value="222.3345.118" />
    </ignoredBuildNumbers>
    <option name="LAST_BUILD_CHECKED" value="IU-222.3739.54" />
    <option name="LAST_TIME_CHECKED" value="1675390353570" />
    <pluginHosts>
      <item value="https://repo.idechajian.com" />
    </pluginHosts>
    <option name="THIRD_PARTY_PLUGINS_ALLOWED" value="true" />
    <option name="WHATS_NEW_SHOWN_FOR" value="222" />
  </component>
</application>