<profile version="1.0">
  <option name="myName" value="Default" />
  <inspection_tool class="DuplicatedCode" enabled="true" level="WEAK WARNING" enabled_by_default="true">
    <Languages>
      <language minSize="140" name="PHP" />
    </Languages>
  </inspection_tool>
  <inspection_tool class="PhpIncludeInspection" enabled="false" level="WARNING" enabled_by_default="false" />
  <inspection_tool class="PhpUnhandledExceptionInspection" enabled="true" level="INFORMATION" enabled_by_default="true" />
  <inspection_tool class="SpellCheckingInspection" enabled="false" level="TYPO" enabled_by_default="false">
    <option name="processCode" value="true" />
    <option name="processLiterals" value="true" />
    <option name="processComments" value="true" />
  </inspection_tool>
  <inspection_tool class="SqlNoDataSourceInspection" enabled="false" level="WARNING" enabled_by_default="false" />
</profile>