<profile version="1.0">
  <option name="myName" value="php-inspections" />
  <inspection_tool class="DuplicatedCode" enabled="true" level="WEAK WARNING" enabled_by_default="true">
    <Languages>
      <language minSize="286" name="PHP" />
    </Languages>
  </inspection_tool>
  <inspection_tool class="NonAsciiCharacters" enabled="false" level="WARNING" enabled_by_default="false" />
  <inspection_tool class="PhpConditionAlreadyCheckedInspection" enabled="false" level="WEAK WARNING" enabled_by_default="false" />
  <inspection_tool class="PhpDocFieldTypeMismatchInspection" enabled="false" level="WEAK WARNING" enabled_by_default="false" />
  <inspection_tool class="PhpDocMissingThrowsInspection" enabled="false" level="WEAK WARNING" enabled_by_default="false" />
  <inspection_tool class="PhpDocRedundantThrowsInspection" enabled="false" level="WEAK WARNING" enabled_by_default="false" />
  <inspection_tool class="PhpDocSignatureInspection" enabled="false" level="WEAK WARNING" enabled_by_default="false" />
  <inspection_tool class="PhpFullyQualifiedNameUsageInspection" enabled="false" level="WARNING" enabled_by_default="false">
    <option name="IGNORE_GLOBAL_NAMESPACE" value="true" />
  </inspection_tool>
  <inspection_tool class="PhpIncludeInspection" enabled="false" level="WARNING" enabled_by_default="false" />
  <inspection_tool class="PhpMissingParamTypeInspection" enabled="false" level="WEAK WARNING" enabled_by_default="false" />
  <inspection_tool class="PhpRedundantCatchClauseInspection" enabled="false" level="WARNING" enabled_by_default="false" />
  <inspection_tool class="PhpRedundantVariableDocTypeInspection" enabled="false" level="WEAK WARNING" enabled_by_default="false" />
  <inspection_tool class="PhpUnhandledExceptionInspection" enabled="false" level="WARNING" enabled_by_default="false" />
  <inspection_tool class="PhpUnnecessaryFullyQualifiedNameInspection" enabled="false" level="WARNING" enabled_by_default="false">
    <option name="IGNORE_GLOBAL_NAMESPACE" value="true" />
  </inspection_tool>
  <inspection_tool class="PhpUnused" enabled="true" level="WEAK WARNING" enabled_by_default="true">
    <option name="CLASS" value="false" />
  </inspection_tool>
  <inspection_tool class="ShellCheck" enabled="true" level="ERROR" enabled_by_default="true">
    <shellcheck_settings value="SC2002,SC2006,SC2016,SC2046,SC2063,SC2086,SC2103,SC2164,SC2181,SC2230" />
  </inspection_tool>
  <inspection_tool class="SpellCheckingInspection" enabled="false" level="TYPO" enabled_by_default="false">
    <option name="processCode" value="true" />
    <option name="processLiterals" value="true" />
    <option name="processComments" value="true" />
  </inspection_tool>
  <inspection_tool class="SqlConstantConditionInspection" enabled="false" level="WARNING" enabled_by_default="false" />
  <inspection_tool class="SqlNoDataSourceInspection" enabled="false" level="WARNING" enabled_by_default="false" />
  <inspection_tool class="SqlResolveInspection" enabled="false" level="ERROR" enabled_by_default="false" />
</profile>