<profile version="1.0">
  <option name="myName" value="Project Default" />
  <inspection_tool class="DuplicatedCode" enabled="true" level="INFORMATION" enabled_by_default="true">
    <Languages>
      <language minSize="15" name="JavaScript" />
    </Languages>
  </inspection_tool>
  <inspection_tool class="JSEqualityComparisonWithCoercion" enabled="false" level="WARNING" enabled_by_default="false" />
  <inspection_tool class="JSUnfilteredForInLoop" enabled="false" level="WARNING" enabled_by_default="false" />
  <inspection_tool class="NonAsciiCharacters" enabled="true" level="WARNING" enabled_by_default="true">
    <option name="CHECK_FOR_NOT_ASCII_IDENTIFIER_NAME" value="false" />
  </inspection_tool>
  <inspection_tool class="PhpDocMissingThrowsInspection" enabled="false" level="WEAK WARNING" enabled_by_default="false" />
  <inspection_tool class="PhpDocRedundantThrowsInspection" enabled="false" level="WEAK WARNING" enabled_by_default="false" />
  <inspection_tool class="PhpFullyQualifiedNameUsageInspection" enabled="false" level="WARNING" enabled_by_default="false">
    <option name="ENABLE_IN_FILE_SCOPE" value="false" />
    <option name="IGNORE_GLOBAL_NAMESPACE" value="true" />
  </inspection_tool>
  <inspection_tool class="PhpIncludeInspection" enabled="false" level="WARNING" enabled_by_default="false" />
  <inspection_tool class="PhpRedundantCatchClauseInspection" enabled="false" level="WARNING" enabled_by_default="false" />
  <inspection_tool class="PhpUnhandledExceptionInspection" enabled="false" level="WARNING" enabled_by_default="false" />
  <inspection_tool class="PhpUnnecessaryFullyQualifiedNameInspection" enabled="false" level="WEAK WARNING" enabled_by_default="false">
    <option name="IGNORE_GLOBAL_NAMESPACE" value="true" />
  </inspection_tool>
  <inspection_tool class="SpellCheckingInspection" enabled="false" level="TYPO" enabled_by_default="false">
    <option name="processCode" value="true" />
    <option name="processLiterals" value="true" />
    <option name="processComments" value="true" />
  </inspection_tool>
  <inspection_tool class="SqlNoDataSourceInspection" enabled="false" level="WARNING" enabled_by_default="false" />
  <inspection_tool class="SqlResolveInspection" enabled="false" level="WARNING" enabled_by_default="false" />
</profile>