<keymap version="1" name="Eclipse copy" parent="Eclipse">
  <action id="CloseActiveTab" />
  <action id="CloseContent">
    <keyboard-shortcut first-keystroke="ctrl w" />
  </action>
  <action id="CodeCompletion">
    <keyboard-shortcut first-keystroke="alt slash" />
  </action>
  <action id="CollapseTreeNode">
    <keyboard-shortcut first-keystroke="subtract" />
    <keyboard-shortcut first-keystroke="shift ctrl minus" />
  </action>
  <action id="Console.Jdbc.Close" />
  <action id="ExpandTreeNode">
    <keyboard-shortcut first-keystroke="add" />
    <keyboard-shortcut first-keystroke="shift ctrl equals" />
  </action>
  <action id="HippieCompletion" />
  <action id="SwitchApply">
    <keyboard-shortcut first-keystroke="shift alt enter" />
  </action>
  <action id="SwitchDown">
    <keyboard-shortcut first-keystroke="shift alt down" />
  </action>
  <action id="SwitchLeft">
    <keyboard-shortcut first-keystroke="shift alt left" />
  </action>
  <action id="SwitchRight">
    <keyboard-shortcut first-keystroke="shift alt right" />
  </action>
  <action id="SwitchUp">
    <keyboard-shortcut first-keystroke="shift alt up" />
  </action>
</keymap>